Benin,http://www.hostelbookers.com/hostels/benin/
Burkina Faso,http://www.hostelbookers.com/hostels/burkina-faso/
Cape Verde,http://www.hostelbookers.com/hostels/cape-verde/
Egypt,http://www.hostelbookers.com/hostels/egypt/
Ethiopia,http://www.hostelbookers.com/hostels/ethiopia/
Gambia,http://www.hostelbookers.com/hostels/gambia/
Ghana,http://www.hostelbookers.com/hostels/ghana/
Kenya,http://www.hostelbookers.com/hostels/kenya/
Madagascar,http://www.hostelbookers.com/hostels/madagascar/
Malawi,http://www.hostelbookers.com/hostels/malawi/
Mali,http://www.hostelbookers.com/hostels/mali/
Mauritius,http://www.hostelbookers.com/hostels/mauritius/
Morocco,http://www.hostelbookers.com/hostels/morocco/
Mozambique,http://www.hostelbookers.com/hostels/mozambique/
Namibia,http://www.hostelbookers.com/hostels/namibia/
Nigeria,http://www.hostelbookers.com/hostels/nigeria/
RÃ©union,http://www.hostelbookers.com/hostels/reunion/
Rwanda,http://www.hostelbookers.com/hostels/rwanda/
Senegal,http://www.hostelbookers.com/hostels/senegal/
Sierra Leone,http://www.hostelbookers.com/hostels/sierra-leone/
South Africa,http://www.hostelbookers.com/hostels/south-africa/
Swaziland,http://www.hostelbookers.com/hostels/swaziland/
Tanzania,http://www.hostelbookers.com/hostels/tanzania/
Tunisia,http://www.hostelbookers.com/hostels/tunisia/
Uganda,http://www.hostelbookers.com/hostels/uganda/
Zambia,http://www.hostelbookers.com/hostels/zambia/
Zimbabwe,http://www.hostelbookers.com/hostels/zimbabwe/
Australia,http://www.hostelbookers.com/hostels/australia/
Cook Islands,http://www.hostelbookers.com/hostels/cook-islands/
Fiji,http://www.hostelbookers.com/hostels/fiji/
French Polynesia,http://www.hostelbookers.com/hostels/french-polynesia/
New Zealand,http://www.hostelbookers.com/hostels/new-zealand/
Papua New Guinea,http://www.hostelbookers.com/hostels/papua-new-guinea/
Samoa,http://www.hostelbookers.com/hostels/samoa/
Solomon Islands,http://www.hostelbookers.com/hostels/solomon-islands/
Tonga,http://www.hostelbookers.com/hostels/tonga/
Vanuatu,http://www.hostelbookers.com/hostels/vanuatu/
Bahamas,http://www.hostelbookers.com/hostels/bahamas/
Barbados,http://www.hostelbookers.com/hostels/barbados/
Belize,http://www.hostelbookers.com/hostels/belize/
Costa Rica,http://www.hostelbookers.com/hostels/costa-rica/
Dominica,http://www.hostelbookers.com/hostels/dominica/
Dominican Republic,http://www.hostelbookers.com/hostels/dominican-republic/
El Salvador,http://www.hostelbookers.com/hostels/el-salvador/
Guadeloupe,http://www.hostelbookers.com/hostels/guadeloupe/
Guatemala,http://www.hostelbookers.com/hostels/guatemala/
Guyana,http://www.hostelbookers.com/hostels/guyana/
Haiti,http://www.hostelbookers.com/hostels/haiti/
Honduras,http://www.hostelbookers.com/hostels/honduras/
Jamaica,http://www.hostelbookers.com/hostels/jamaica/
Martinique,http://www.hostelbookers.com/hostels/martinique/
Mexico,http://www.hostelbookers.com/hostels/mexico/
Netherlands Antilles,http://www.hostelbookers.com/hostels/netherlands-antilles/
Nicaragua,http://www.hostelbookers.com/hostels/nicaragua/
Panama,http://www.hostelbookers.com/hostels/panama/
Puerto Rico,http://www.hostelbookers.com/hostels/puerto-rico/
Saint Kitts & Nevis,http://www.hostelbookers.com/hostels/saint-kitts---nevis/
Saint Martin,http://www.hostelbookers.com/hostels/saint-martin/
St Lucia,http://www.hostelbookers.com/hostels/st-lucia/
St Vincent & The Grenadines,http://www.hostelbookers.com/hostels/st-vincent---the-grenadines/
Trinidad & Tobago,http://www.hostelbookers.com/hostels/trinidad---tobago/
Albania,http://www.hostelbookers.com/hostels/albania/
Belarus,http://www.hostelbookers.com/hostels/belarus/
Bosnia-Herzegovina,http://www.hostelbookers.com/hostels/bosnia-herzegovina/
Bulgaria,http://www.hostelbookers.com/hostels/bulgaria/
Croatia,http://www.hostelbookers.com/hostels/croatia/
Cyprus,http://www.hostelbookers.com/hostels/cyprus/
Czech Republic,http://www.hostelbookers.com/hostels/czech-republic/
Estonia,http://www.hostelbookers.com/hostels/estonia/
Georgia,http://www.hostelbookers.com/hostels/georgia/
Greece,http://www.hostelbookers.com/hostels/greece/
Hungary,http://www.hostelbookers.com/hostels/hungary/
Kazakhstan,http://www.hostelbookers.com/hostels/kazakhstan/
Kosovo,http://www.hostelbookers.com/hostels/kosovo/
Latvia,http://www.hostelbookers.com/hostels/latvia/
Lithuania,http://www.hostelbookers.com/hostels/lithuania/
Macedonia,http://www.hostelbookers.com/hostels/macedonia/
Moldova,http://www.hostelbookers.com/hostels/moldova/
Montenegro,http://www.hostelbookers.com/hostels/montenegro/
Poland,http://www.hostelbookers.com/hostels/poland/
Romania,http://www.hostelbookers.com/hostels/romania/
Russia,http://www.hostelbookers.com/hostels/russia/
Serbia,http://www.hostelbookers.com/hostels/serbia/
Slovakia,http://www.hostelbookers.com/hostels/slovakia/
Slovenia,http://www.hostelbookers.com/hostels/slovenia/
Turkey,http://www.hostelbookers.com/hostels/turkey/
Ukraine,http://www.hostelbookers.com/hostels/ukraine/
Armenia,http://www.hostelbookers.com/hostels/armenia/
Bangladesh,http://www.hostelbookers.com/hostels/bangladesh/
India,http://www.hostelbookers.com/hostels/india/
Kyrgyzstan,http://www.hostelbookers.com/hostels/kyrgyzstan/
Maldives,http://www.hostelbookers.com/hostels/maldives/
Mongolia,http://www.hostelbookers.com/hostels/mongolia/
Nepal,http://www.hostelbookers.com/hostels/nepal/
Sri Lanka,http://www.hostelbookers.com/hostels/sri-lanka/
Bahrain,http://www.hostelbookers.com/hostels/bahrain/
Israel,http://www.hostelbookers.com/hostels/israel/
Jordan,http://www.hostelbookers.com/hostels/jordan/
Lebanon,http://www.hostelbookers.com/hostels/lebanon/
Oman,http://www.hostelbookers.com/hostels/oman/
Qatar,http://www.hostelbookers.com/hostels/qatar/
Saudi Arabia,http://www.hostelbookers.com/hostels/saudi-arabia/
United Arab Emirates,http://www.hostelbookers.com/hostels/united-arab-emirates/
Canada,http://www.hostelbookers.com/hostels/canada/
USA,http://www.hostelbookers.com/hostels/usa/
Argentina,http://www.hostelbookers.com/hostels/argentina/
Bolivia,http://www.hostelbookers.com/hostels/bolivia/
Brazil,http://www.hostelbookers.com/hostels/brazil/
Chile,http://www.hostelbookers.com/hostels/chile/
Colombia,http://www.hostelbookers.com/hostels/colombia/
Ecuador,http://www.hostelbookers.com/hostels/ecuador/
Paraguay,http://www.hostelbookers.com/hostels/paraguay/
Peru,http://www.hostelbookers.com/hostels/peru/
Uruguay,http://www.hostelbookers.com/hostels/uruguay/
Venezuela,http://www.hostelbookers.com/hostels/venezuela/
Cambodia,http://www.hostelbookers.com/hostels/cambodia/
China,http://www.hostelbookers.com/hostels/china/
Hong Kong,http://www.hostelbookers.com/hostels/hong-kong/
Indonesia,http://www.hostelbookers.com/hostels/indonesia/
Japan,http://www.hostelbookers.com/hostels/japan/
Laos,http://www.hostelbookers.com/hostels/laos/
Malaysia,http://www.hostelbookers.com/hostels/malaysia/
Philippines,http://www.hostelbookers.com/hostels/philippines/
Singapore,http://www.hostelbookers.com/hostels/singapore/
South Korea,http://www.hostelbookers.com/hostels/south-korea/
Taiwan,http://www.hostelbookers.com/hostels/taiwan/
Thailand,http://www.hostelbookers.com/hostels/thailand/
Vietnam,http://www.hostelbookers.com/hostels/vietnam/
Andorra,http://www.hostelbookers.com/hostels/andorra/
Austria,http://www.hostelbookers.com/hostels/austria/
Belgium,http://www.hostelbookers.com/hostels/belgium/
Denmark,http://www.hostelbookers.com/hostels/denmark/
England,http://www.hostelbookers.com/hostels/england/
Finland,http://www.hostelbookers.com/hostels/finland/
France,http://www.hostelbookers.com/hostels/france/
Germany,http://www.hostelbookers.com/hostels/germany/
Iceland,http://www.hostelbookers.com/hostels/iceland/
Ireland,http://www.hostelbookers.com/hostels/ireland/
Italy,http://www.hostelbookers.com/hostels/italy/
Liechtenstein,http://www.hostelbookers.com/hostels/liechtenstein/
Luxembourg,http://www.hostelbookers.com/hostels/luxembourg/
Malta,http://www.hostelbookers.com/hostels/malta/
Monaco,http://www.hostelbookers.com/hostels/monaco/
Netherlands,http://www.hostelbookers.com/hostels/netherlands/
Northern Ireland,http://www.hostelbookers.com/hostels/northern-ireland/
Norway,http://www.hostelbookers.com/hostels/norway/
Portugal,http://www.hostelbookers.com/hostels/portugal/
San Marino,http://www.hostelbookers.com/hostels/san-marino/
Scotland,http://www.hostelbookers.com/hostels/scotland/
Spain,http://www.hostelbookers.com/hostels/spain/
Sweden,http://www.hostelbookers.com/hostels/sweden/
Switzerland,http://www.hostelbookers.com/hostels/switzerland/
Wales,http://www.hostelbookers.com/hostels/wales/
